策略编号,策略名称,Section,参数名,建议值说明,建议值,检测值,核查结果,加固提示,策略说明
1.1.1,强制密码历史,System Access,PasswordHistorySize,"[,24]","[,24]",,,计算机配置/Windows 设置/安全设置/帐户策略/密码策略/强制密码历史,此安全设置确定再次使用某个旧密码之前必须与某个用户帐户关联的唯一新密码数。该值必须介于 0 个和 24 个密码之间。此策略使管理员能够通过确保旧密码不被连续重新使用来增强安全性。默认值:在域控制器上为 24。在独立服务器上为 0。注意: 在默认情况下，成员计算机沿用各自域控制器的配置。若要维护密码历史的有效性，还要同时启用密码最短使用期限安全策略设置，不允许在密码更改之后立即再次更改密码。有关密码最短使用期限安全策略设置的信息，请参阅“密码最短使用期限”。
1.1.2,密码最长使用期限,System Access,MaximumPasswordAge,"[1,60]","[1,60]",,,计算机配置/Windows 设置/安全设置/帐户策略/密码策略/密码最长使用时间,此安全设置确定在系统要求用户更改某个密码之前可以使用该密码的期间(以天为单位)。可以将密码设置为在某些天数(介于 1 到 999 之间)后到期，或者将天数设置为 0，指定密码永不过期。如果密码最长使用期限介于 1 和 999 天之间，密码最短使用期限必须小于密码最长使用期限。如果将密码最长使用期限设置为 0，则可以将密码最短使用期限设置为介于 0 和 998 天之间的任何值。注意: 安全最佳操作是将密码设置为 30 到 90 天后过期，具体取决于您的环境。这样，攻击者用来破解用户密码以及访问网络资源的时间将受到限制。默认值: 42。
1.1.3,密码最短使用期限,System Access,MinimumPasswordAge,"[1,]","[1,]",,,计算机配置/Windows 设置/安全设置/帐户策略/密码策略/密码最短使用时间,此安全设置确定在用户更改某个密码之前必须使用该密码一段时间(以天为单位)。可以设置一个介于 1 和 998 天之间的值，或者将天数设置为 0，允许立即更改密码。密码最短使用期限必须小于密码最长使用期限，除非将密码最长使用期限设置为 0，指明密码永不过期。如果将密码最长使用期限设置为 0，则可以将密码最短使用期限设置为介于 0 和 998 之间的任何值。如果希望“强制密码历史”有效，则需要将密码最短使用期限设置为大于 0 的值。如果没有设置密码最短使用期限，用户则可以循环选择密码，直到获得期望的旧密码。默认设置没有遵从此建议，以便管理员能够为用户指定密码，然后要求用户在登录时更改管理员定义的密码。如果将密码历史设置为 0，用户将不必选择新密码。因此，默认情况下将“强制密码历史”设置为 1。默认值:在域控制器上为 1。在独立服务器上设置为 0。注意: 在默认情况下，成员计算机沿用各自域控制器的配置。
1.1.4,密码长度最小值,System Access,MinimumPasswordLength,"[14,]","[14,]",,,计算机配置/Windows 设置/安全设置/帐户策略/密码策略/密码最短长度,此安全设置确定用户帐户密码包含的最少字符数。可以将值设置为介于 1 和 14 个字符之间，或者将字符数设置为 0 以确定不需要密码。默认值:在域控制器上为 7。在独立服务器上为 0。注意: 在默认情况下，成员计算机沿用各自域控制器的配置。
1.1.5,密码必须符合复杂性要求,System Access,PasswordComplexity,0:禁用;1:启用,启用,,,计算机配置/Windows 设置/安全设置/帐户策略/密码策略/密码必须符合复杂性要求,此安全设置确定密码是否必须符合复杂性要求。如果启用此策略，密码必须符合下列最低要求:不能包含用户的帐户名，不能包含用户姓名中超过两个连续字符的部分、至少有六个字符长。包含以下四类字符中的三类字符:英文大写字母(A 到 Z)、英文小写字母(a 到 z)、10 个基本数字(0 到 9)、非字母字符(例如 !、$、#、%)。在更改或创建密码时执行复杂性要求。默认值:在域控制器上启用。在独立服务器上禁用。注意: 在默认情况下，成员计算机沿用各自域控制器的配置。
1.1.6,用可还原的加密来储存密码,System Access,ClearTextPassword,0:禁用;1:启用,禁用,,,计算机配置/Windows 设置/安全设置/帐户策略/密码策略/用可还原的加密来储存密码,此安全设置确定操作系统是否使用可还原的加密来储存密码。此策略为某些应用程序提供支持，这些应用程序使用的协议需要用户密码来进行身份验证。使用可还原的加密储存密码与储存纯文本密码在本质上是相同的。因此，除非应用程序需求比保护密码信息更重要，否则绝不要启用此策略。通过远程访问或 Internet 身份验证服务(IAS)使用质询握手身份验证协议(CHAP)验证时需要设置此策略。在 Internet 信息服务(IIS)中使用摘要式身份验证时也需要设置此策略。默认值: 禁用。
1.2.1,账户锁定时间,System Access,LockoutDuration,"[15,]","[15,]",,,计算机配置/Windows 设置/安全设置/帐户策略/账户锁定策略/账户锁定时间,"此安全设置确定锁定帐户在自动解锁之前保持锁定的分钟数。可用范围从 0 到 99,999 分钟。如果将帐户锁定时间设置为 0，帐户将一直被锁定直到管理员明确解除对它的锁定。如果定义了帐户锁定阈值，则帐户锁定时间必须大于或等于重置时间。默认值: 无，因为只有在指定了帐户锁定阈值时，此策略设置才有意义。"
1.2.2,账户锁定阈值,System Access,LockoutBadCount,"[1,10]","[1,10]",,,计算机配置/Windows 设置/安全设置/帐户策略/账户锁定策略/账户锁定阈值,此安全设置确定导致用户帐户被锁定的登录尝试失败的次数。在管理员重置锁定帐户或帐户锁定时间期满之前，无法使用该锁定帐户。可以将登录尝试失败次数设置为介于 0 和 999 之间的值。如果将值设置为 0，则永远不会锁定帐户。在使用 Ctrl+Alt+Del 或密码保护的屏幕保护程序锁定的工作站或成员服务器上的密码尝试失败将计作登录尝试失败。默认值: 0。
1.2.3,重置账户锁定计数器,System Access,ResetLockoutCount,"[15,]","[15,]",,,计算机配置/Windows 设置/安全设置/帐户策略/账户锁定策略/重置账户锁定计数器,"此安全设置确定在某次登录尝试失败之后将登录尝试失败计数器重置为 0 次错误登录尝试之前需要的时间。可用范围是 1 到 99,999 分钟。如果定义了帐户锁定阈值，此重置时间必须小于或等于帐户锁定时间。默认值: 无，因为只有在指定了帐户锁定阈值时，此策略设置才有意义。"
2.1.1,审核登录事件,Event Audit,AuditLogonEvents,"0:无审核;1:成功;2:失败;3:成功,失败",失败,,,计算机配置/Windows 设置/安全设置/帐户策略/本地策略/审核策略/审核登录事件,此安全设置确定 OS 是否对尝试登录此计算机或从中注销的用户的每个实例进行审核。在已登录用户帐户的登录会话终止时，将生成注销事件。如果定义此策略设置，则管理员可以指定是仅审核成功、仅审核失败、同时审核成功和失败还是根本不审核这些事件(即既不审核成功也不审核失败)。
2.1.2,审核账户登录事件,Event Audit,AuditAccountLogon,"0:无审核;1:成功;2:失败;3:成功,失败",失败,,,计算机配置/Windows 设置/安全设置/帐户策略/本地策略/审核策略/审核账户登录事件,此安全设置确定 OS 是否在此计算机每次验证帐户凭据时进行审核。在计算机对其具有权威性的帐户凭据进行验证时会生成帐户登录事件。域成员和未加入域的计算机对其本地帐户具有权威性；域控制器对该域中的帐户全都具有权威性。凭证验证可能支持本地登录，或者，对于域控制器上的 Active Directory 域帐户的情况，可能支持在另一台计算机上登录。由于凭据验证是无状态的，因此帐户登录事件没有相应的注销事件。如果定义此策略设置，则管理员可以指定是仅审核成功、仅审核失败、同时审核成功和失败还是根本不审核这些事件(即既不审核成功也不审核失败)。客户端版本上的默认值:凭据验证: 无审核Kerberos 服务票证操作: 无审核。其他帐户登录事件: 无审核。Kerberos 身份验证服务: 无审核。服务器版本上的默认值:凭据验证: 成功。Kerberos 服务票证操作: 成功。其他帐户登录事件: 无审核。Kerberos 身份验证服务: 成功
2.1.3,审核账户管理,Event Audit,AuditAccountManage,"0:无审核;1:成功;2:失败;3:成功,失败","成功,失败",,,计算机配置/Windows 设置/安全设置/帐户策略/本地策略/审核策略/审核账户管理,此安全设置确定是否审核计算机上的每个帐户管理事件。帐户管理事件示例包括:创建、更改或删除用户帐户或组。重命名、禁用或启用用户帐户。设置或更改密码。如果定义此策略设置，可以指定是审核成功、审核失败还是根本不审核事件类型。成功审核在任何帐户管理事件成功时生成审核条目。失败审核在任何帐户管理事件失败时生成审核条目。若要将该值设置为“无审核”，请在此策略设置的“属性”对话框中选中“定义这些策略设置”复选框，然后清除“成功”和“失败”复选框。
2.2.1,作为受信任的呼叫方访问凭据管理器,Privilege Rights,setrustedcredmanaccessprivilege,No One,No One,,,计算机配置/Windows 设置/安全设置/帐户策略/本地策略/用户权限分配/作为受信任的呼叫方访问凭据管理器,在备份/还原期间凭据管理器使用此设置。任何帐户都不应该拥有此权限，因为该权限仅分配给 Winlogon。如果将该权限分配给其他实体，则可能会泄露用户保存的凭据。
2.2.2,从网络访问此计算机,Privilege Rights,senetworklogonright,"Administrators,Backup Operators,Users,Everyone","Administrators,Backup Operators,Users,Everyone",,,计算机配置/Windows 设置/安全设置/帐户策略/本地策略/用户权限分配/从网络访问此计算机,此用户权限确定允许哪些用户和组通过网络连接到计算机。此用户权限不影响远程桌面服务。注意: 在以前版本的 Windows Server 中，远程桌面服务称为终端服务。工作站和服务器上的默认值:Administrators、Backup Operators、Users、Everyone。域控制器上的默认值:Administrators、Authenticated、Users、Enterprise Domain Controllers、Everyone、Pre-Windows 2000 Compatible Access
2.2.3,以操作系统方式执行,Privilege Rights,setcbprivilege,No One,No One,,,计算机配置/Windows 设置/安全设置/帐户策略/本地策略/用户权限分配/以操作系统方式执行,此用户权限允许某个进程模拟任意用户而无须进行身份验证。因此该进程可以与该用户一样获得对本地资源的访问权限。需要此权限的进程应该使用已经包括此权限的 LocalSystem 帐户，而不是使用分配了该权限的独立用户帐户。如果您的组织仅使用属于 Windows Server 2003 家族成员的服务器，则不需要将此权限分配给用户。但是，如果您的组织使用运行 Windows 2000 或 Windows NT 4.0 的服务器，则需要分配该权限才能使用以纯文本格式交换密码的应用程序。分配该用户权限可能存在安全风险。只将该用户权限分配给可信用户。
2.2.4,将工作站添加到域,Privilege Rights,semachineaccountprivilege,Administrators(DC only),,,,计算机配置/Windows 设置/安全设置/帐户策略/本地策略/用户权限分配/将工作站添加到域,此安全设置仅对域控制器有效。默认情况下，任何已经过身份验证的用户都具有此权限并可以在该域中最多创建 10 个计算机帐户。将计算机帐户添加到域使计算机能够参加基于 Active Directory 的网络。例如，将工作站添加到域使工作站能够识别存在于 Active Directory 中的帐户和组。默认: 域控制器上已经通过身份验证的用户。注意: 在 Active Directory 计算机容器上具有创建计算机对象权限的用户也可以在该域中创建计算机帐户。差异在于在该容器上具有权限的用户并不受限于仅创建 10 个计算机帐户。此外，通过将工作站添加到域创建的计算机帐户将域管理员作为计算机帐户的所有者，而通过在计算机容器上的权限创建的计算机帐户将创建者作为计算机帐户的所有者。如果某个用户具有容器上的权限，同时具有将工作站添加到域用户权限，则会基于计算机容器权限而不是基于该用户权限添加该计算机。
2.2.5,为进程调整内存配额,Privilege Rights,seincreasequotaprivilege,"Administrators,Local Service,Network Service","Administrators,Local Service,Network Service",,,计算机配置/Windows 设置/安全设置/帐户策略/本地策略/用户权限分配/为进程调整内存配额,此权限确定谁可以更改进程可消耗的最大内存。此用户权限是在默认域控制器组策略对象(GPO)以及工作站和服务器的本地安全策略中进行定义的。注意: 此权限对于系统调整非常有用，但它可能被误用，例如，在拒绝服务攻击中。默认值: Administrators、Local Service、Network Service。
2.2.6,允许本地登录,Privilege Rights,seinteractivelogonright,"Administrators,Backup Operators,Power Users,Users,Guest","Administrators,Backup Operators,Power Users,Users,Guest",,,计算机配置/Windows 设置/安全设置/帐户策略/本地策略/用户权限分配/允许本地登录,确定哪些用户可以登录到该计算机。修改此设置可能会影响与客户端、服务和应用程序的兼容性。默认值:在工作站和服务器上: Administrators、Backup Operators、Power Users、Users 和 Guest。在域控制器上: Account Operators、Administrators、Backup Operators 和 Print Operators。
2.2.7,允许通过远程桌面服务登录,Privilege Rights,seremoteinteractivelogonright,"Administrators,Remote Desktop Users","Administrators,Remote Desktop Users",,,计算机配置/Windows 设置/安全设置/帐户策略/本地策略/用户权限分配/允许通过远程桌面服务登录,此安全设置确定哪些用户或组具有作为远程桌面服务客户端登录的权限。默认值:在工作站和服务器上: Administrators、Remote Desktop Users。在域控制器上: Administrators。此设置对尚未更新到 Service Pack 2 的 Windows 2000 计算机无任何效果。
2.2.8,备份文件和目录,Privilege Rights,sebackupprivilege,"Administrators,Backup Operators","Administrators,Backup Operators",,,计算机配置/Windows 设置/安全设置/帐户策略/本地策略/用户权限分配/备份文件和目录,此用户权限确定哪些用户可以绕过文件和目录、注册表和其他永久对象权限进行系统备份。特殊情况下，此用户权限类似于向系统上所有文件和文件夹涉及到的用户或组授予下列权限:遍历文件夹/执行文件、列出文件/读取数据、读取属性、读取扩展属性、读取权限。分配此用户权限可能有安全风险。由于没有办法确定用户是否正在备份数据、窃取数据或复制数据以进行分发，请仅向受信任的用户分配此用户权限。工作站和服务器上的默认值: Administrators、Backup Operators。域控制器和服务器上的默认值: Administrators、Backup Operators、Server Operators
2.2.9,更改系统时间,Privilege Rights,sesystemtimeprivilege,"Administrators,Local Service","Administrators,Local Service",,,计算机配置/Windows 设置/安全设置/帐户策略/本地策略/用户权限分配/更改系统时间,此用户权限确定哪些用户和组可以更改计算机内部时钟上的日期和时间。分配了此用户权限的用户可以影响事件日志的外观。如果已更改了系统时间，则记录的事件将反映此新时间，而不是事件发生的实际时间。此用户权限是在默认域控制器组策略对象(GPO)以及工作站和服务器的本地安全策略中进行定义的。工作站和服务器上的默认值:Administrators、Local Service。域控制器上的默认值:Administrators、Server Operators、Local Service
2.2.10,更改时区,Privilege Rights,setimezoneprivilege,"Administrators,LOCAL SERVICE","Administrators,LOCAL SERVICE",,,计算机配置/Windows 设置/安全设置/帐户策略/本地策略/用户权限分配/更改时区,该用户权限确定哪些用户和组可以更改计算机用于显示本地时间(计算机的系统时间加上时区偏移)的时区。系统时间本身是绝对的，因此不受时区变化的影响。该用户权限是在默认域控制器组策略对象(GPO)以及工作站和服务器的本地安全策略中定义的。默认值: 管理员、用户
2.2.11,创建一个页面文件,Privilege Rights,secreatepagefileprivilege,Administrators,Administrators,,,计算机配置/Windows 设置/安全设置/帐户策略/本地策略/用户权限分配/创建一个页面文件,此用户权限确定哪些用户和组可以调用内部应用程序编程接口(API)创建页面文件和更改页面文件的大小。此用户权限供操作系统内部使用，且通常不需要分配给任何用户。有关如何为某个给定的驱动器指定页面文件大小的信息，请参阅“更改虚拟内存页面文件的大小”。默认值: Administrators。
2.2.12,创建一个令牌对象,Privilege Rights,SeCreateTokenPrivilege,No One,No One,,,计算机配置/Windows 设置/安全设置/帐户策略/本地策略/用户权限分配/创建一个令牌对象,此安全设置确定进程可以使用哪些帐户创建令牌，该令牌接着可以在进程使用内部应用程序编程接口(API)创建访问令牌时用于获取任何本地资源的访问权限。此用户权限供操作系统内部使用。除非必要，请不要将此用户权限分配给本地系统之外的用户、组或进程。分配此用户权限可能有安全风险。请不要将此用户权限分配给不希望其接管系统的任何用户、组或进程。
2.2.13,创建全局对象,Privilege Rights,secreateglobalprivilege,"Administrators,Local Service,Network Service,Service","Administrators,Local Service,Network Service,Service",,,计算机配置/Windows 设置/安全设置/帐户策略/本地策略/用户权限分配/创建全局对象,此安全设置确定用户是否可以创建所有会话都可以使用的全局对象。没有此用户权限的用户仍可以创建特定于其自身的会话的对象。可以创建全局对象的用户会影响在其他用户的会话下运行的进程，这样会导致应用程序失败或数据损坏。分配此用户权限可能有安全风险。请仅向受信任的用户分配此用户权限。默认值:Administrators、Local Service、Network Service、Service
2.2.14,创建永久共享对象,Privilege Rights,secreatepermanentprivilege,No One,No One,,,计算机配置/Windows 设置/安全设置/帐户策略/本地策略/用户权限分配/创建永久共享对象,此用户权限确定进程可以使用哪些帐户利用对象管理器创建目录对象。此用户权限供操作系统内部使用，且对于扩展对象命名空间的内核模式组件非常有用。因为已经将此用户权限分配给了内核模式下运行的组件，所以就没有必要再专门分配此用户权限。
2.2.15,创建符号链接,Privilege Rights,secreatesymboliclinkprivilege,Administrators,Administrators,,,计算机配置/Windows 设置/安全设置/帐户策略/本地策略/用户权限分配/创建符号链接,此权限确定用户是否可以从登录的计算机创建符号链接。默认值: Administrator。此权限应当仅授予受信任用户。符号链接可能暴露应用程序在设计上无法进行处理的安全漏洞。注意：此设置可以与符号链接文件系统设置一起使用，后者可使用命令行实用程序进行操作，以便控制计算机上允许的各种符号链接。有关 fsutil 和符号链接的详细信息，请在命令行中键入“fsutil behavior set symlinkevalution /?”。
2.2.16,调试程序,Privilege Rights,sedebugprivilege,Administrators,Administrators,,,计算机配置/Windows 设置/安全设置/帐户策略/本地策略/用户权限分配/调试程序,此用户权限确定哪些用户可以将调试程序连接到任何进程或连接到内核。不需要将此用户权限分配给正在调试自己的应用程序的开发人员。调试新系统组件的开发人员将需要此用户权限来执行相应操作。此用户权限提供对敏感和关键系统组件的完全访问权限。分配此用户权限可能有安全风险。请仅向受信任的用户分配此用户权限。默认值: Administrators
2.2.17,拒绝从网络访问此计算机,Privilege Rights,sedenynetworklogonright,Guest,Guest,,,计算机配置/Windows 设置/安全设置/帐户策略/本地策略/用户权限分配/拒绝从网络访问此计算机,此安全设置确定要防止哪些用户通过网络访问计算机。如果用户帐户受制于此策略设置和“从网络访问此计算机”策略设置，则前者会取代后者。默认值:Guest
2.2.18,拒绝作为批处理作业登录,Privilege Rights,sedenybatchlogonright,Guests,Guests,,,计算机配置/Windows 设置/安全设置/帐户策略/本地策略/用户权限分配/拒绝作为批处理作业登录,此安全设置确定要防止哪些帐户作为批处理作业登录。如果用户帐户受制于此策略设置和“作为批处理作业登录”策略设置，则前者会取代后者。
2.2.19,拒绝作为服务登录,Privilege Rights,sedenyservicelogonright,Guests,Guests,,,计算机配置/Windows 设置/安全设置/帐户策略/本地策略/用户权限分配/拒绝作为服务登录,此安全设置确定要防止哪些服务帐户将进程注册为服务。如果帐户受制于此策略设置和“作为服务登录”策略设置，则前者会取代后者。注意: 此安全设置不适用于系统、本地服务或网络服务帐户。
2.2.20,拒绝本地登录,Privilege Rights,sedenyinteractivelogonright,Guests,Guests,,,计算机配置/Windows 设置/安全设置/帐户策略/本地策略/用户权限分配/拒绝本地登录,此安全设置确定要防止哪些用户在该计算机上登录。如果帐户受制于此策略设置和“允许本地登录”策略设置，则前者会取代后者。如果将此安全策略应用到 Everyone 组，则没有人能够在本地登录。
2.2.21,拒绝通过远程桌面服务登录,Privilege Rights,sedenyremoteinteractivelogonright,"Guests,Local account","Guests,Local account",,,计算机配置/Windows 设置/安全设置/帐户策略/本地策略/用户权限分配/拒绝通过远程桌面服务登录,此安全设置确定禁止哪些用户和组作为远程桌面服务客户端登录。此设置对尚未更新到 Service Pack 2 的 Windows 2000 计算机无任何效果。
2.2.22,信任计算机和用户帐户可以执行委派,Privilege Rights,seenabledelegationprivilege,No One,No One,,,计算机配置/Windows 设置/安全设置/帐户策略/本地策略/用户权限分配/信任计算机和用户帐户可以执行委派,信任计算机和用户帐户可以执行委派。此安全设置确定哪些用户可以在用户或计算机对象上设置“已为委派信任”设置。被授予此权限的用户或对象必须具有对用户或计算机对象上的帐户控制标志的写入访问权限。在已为委派信任的计算机上(或用户环境下)运行的服务器进程可以使用客户端委派的凭据访问另一台计算机上的资源，只要该客户端帐户没有设置“帐户无法委派”帐户控制标志。此用户权限是在默认域控制器组策略对象(GPO)以及工作站和服务器的本地安全策略中进行定义的。误用此用户权限或误用“已为委派信任”设置会使网络易受使用特洛伊木马程序的复杂攻击，该程序会模拟进入的客户端并使用它们的凭据来获取对网络资源的访问权限。默认值: 在域控制器上为 Administrators。
2.2.23,从远程系统强制关机,Privilege Rights,setakeownershipprivilege,Administrators,Administrators,,,计算机配置/Windows 设置/安全设置/帐户策略/本地策略/用户权限分配/从远程系统强制关机,此安全设置确定允许哪些用户从网络上的远程位置关闭计算机。误用此用户权限会导致拒绝服务。此用户权限是在默认域控制器组策略对象(GPO)以及工作站和服务器的本地安全策略中进行定义的。默认值:在工作站和服务器上: Administrators。在域控制器上: Administrators、Server Operators。
2.2.24,生成安全审核,Privilege Rights,setakeownershipprivilege,"Local System,Network Service","Local System,Network Service",,,计算机配置/Windows 设置/安全设置/帐户策略/本地策略/用户权限分配/生成安全审核,此安全设置确定进程可以使用哪些帐户将项目添加到安全日志中。安全日志用于跟踪未授权的系统访问。如果启用了“审核: 如果无法记录安全审核，则立即关闭系统”安全策略设置，则误用此用户权限会导致生成许多审核事件，可能隐藏攻击证据或导致拒绝服务。有关详细信息，请参阅“审核: 如果无法记录安全审核，则立即关闭系统”默认值: Local System、Network Service。
2.2.25,身份验证后模拟客户端,Privilege Rights,seassignprimarytokenprivilege,"Administrators,LOCAL SERVICE,NETWORK SERVICE,SERVICE","Administrators,LOCAL SERVICE,NETWORK SERVICE,SERVICE",,,计算机配置/Windows 设置/安全设置/帐户策略/本地策略/用户权限分配/身份验证后模拟客户端,将此权限分配给用户使代表该用户运行的程序能够模拟客户端。此种模拟要求此用户权限可防止未经授权的用户说服客户端连接(例如，通过远程过程调用(RPC)或命名管道)到他们已创建的服务，然后模拟该客户端，这样会将未经授权的用户的权限提升至管理级别或系统级别。分配此用户权限可能有安全风险。请仅向受信任的用户分配此用户权限。默认值:Administrators、Local Service、Network Service、Service。注意: 默认情况下，由服务控制管理器启动的服务已将内置 Service 组添加到它们的访问令牌中。由组件对象模型(COM)基础架构启动的且被配置为在特定帐户下运行的 COM 服务器也已将 Service 组添加到它们的访问令牌中。结果，这些服务在启动时就获得此用户权限。此外，如果下列任何条件存在，用户也可以模拟访问令牌。正在被模拟的访问令牌专供此用户。在此登录会话中用户通过使用显式凭据登录到网络创建访问令牌。请求的级别比 Impersonate 低，如 Anonymous 或 Identify。因为这些因素，所以用户通常不需要此用户权限。有关详细信息，请在 Microsoft Platform SDK 中搜索 “SeImpersonatePrivilege”。如果启用此设置，以前具有 Impersonate 权限的程序可能丢失该权限，并且可能无法运行。
2.2.26,提高计划优先级,Privilege Rights,seincreasebasepriorityprivilege,Administrators,Administrators,,,计算机配置/Windows 设置/安全设置/帐户策略/本地策略/用户权限分配/提高计划优先级,此安全设置确定哪些帐户可以使用对另一个进程具有 Write Property 访问权限的进程来提高分配给其他进程的执行优先级。具有此权限的用户可以通过任务管理器用户界面更改进程的计划优先级。默认值: Administrators。
2.2.27,加载和卸载设备驱动程序,Privilege Rights,seloaddriverprivilege,Administrators,Administrators,,,计算机配置/Windows 设置/安全设置/帐户策略/本地策略/用户权限分配/加载和卸载设备驱动程序,此用户权限确定哪些用户可以将设备驱动程序或其他代码动态加载到内核模式中以及从中卸载。此用户权限不适用于即插即用设备驱动程序。建议不要将此权限分配给其他用户。分配此用户权限可能有安全风险。不要将此用户权限分配给不希望其接管系统的任何用户、组或进程。工作站和服务器上的默认值: Administrators。域控制器上的默认值:Administrators、Print Operators
2.2.28,锁定内存页,Privilege Rights,selockmemoryprivilege,No One,No One,,,计算机配置/Windows 设置/安全设置/帐户策略/本地策略/用户权限分配/锁定内存页,此安全设置确定哪些帐户可以使用进程将数据保持在物理内存中，这样可防止系统将数据分页到磁盘上的虚拟内存中。行使此权限会因降低可用随机存取内存(RAM)的数量而显著影响系统性能。
2.2.29,作为批处理作业登录,Privilege Rights,sebatchlogonright,"Administrators,Backup Operators","Administrators,Backup Operators",,,计算机配置/Windows 设置/安全设置/帐户策略/本地策略/用户权限分配/作为批处理作业登录,此安全设置使用户能够通过批处理队列实用程序登录，并仅提供用于与旧版本的 Windows 的兼容性。例如，当用户通过任务计划程序提交作业时，该任务计划程序将用户作为批处理用户而不是作为交互式用户登录。默认值: Administrators、Backup Operators。
2.2.30,管理审核和安全日志,Privilege Rights,sesecurityprivilege,Administrators,Administrators,,,计算机配置/Windows 设置/安全设置/帐户策略/本地策略/用户权限分配/管理审核和安全日志,此安全设置确定哪些用户可以为各种资源(如文件、Active Directory 对象和注册表项)指定对象访问审核选项。此安全设置通常不允许用户启用文件和对象访问审核。若要启用此审核，则必须在 Computer Configuration/Windows Settings/Security Settings/Local Policies/Audit Policies 中配置审核对象访问设置。您可以在事件查看器的安全日志中查看审核过的事件。具有此权限的用户还可以查看和清除安全日志。默认值: Administrators。
2.2.31,修改一个对象标签,Privilege Rights,serelabelprivilege,No One,No One,,,计算机配置/Windows 设置/安全设置/帐户策略/本地策略/用户权限分配/修改一个对象标签,此权限确定哪些用户帐户可以修改对象(例如文件、注册表项或其他用户所拥有的进程)的完整性标签。在用户帐户下运行的进程可以将该用户所拥有的对象标签修改为没有此权限的更低级别。
2.2.32,修改固件环境值,Privilege Rights,sesystemenvironmentprivilege,Administrators,Administrators,,,计算机配置/Windows 设置/安全设置/帐户策略/本地策略/用户权限分配/修改固件环境值,此安全设置确定谁可以修改固件环境值。固件环境变量是在非基于 x86 的计算机的稳定 RAM 中存储的设置。该设置的效果依赖于处理器。在基于 x86 的计算机中，可以通过分配此用户权限修改的唯一固件环境值是“最近一次的正确配置”设置，此设置应该仅由系统修改。在基于 Itanium 的计算机中，启动信息存储在稳定 RAM 中。若要运行 bootcfg.exe 和更改系统属性中“启动和恢复”上的默认操作系统设置，必须向用户分配此用户权限。在所有计算机上安装或升级 Windows 都需要此用户权限。注意: 此安全设置不影响可以修改显示在系统属性的“高级”选项卡上的系统环境变量和用户环境变量的用户。有关如何修改这些变量的信息，请参阅“添加或更改环境变量的值”。默认值: Administrators。
2.2.33,执行卷维护任务,Privilege Rights,semanagevolumeprivilege,Administrators,Administrators,,,计算机配置/Windows 设置/安全设置/帐户策略/本地策略/用户权限分配/执行卷维护任务,此安全设置确定哪些用户和组可以在卷上运行维护任务，如远程碎片整理。分配此用户权限时请小心。具有此用户权限的用户可以浏览磁盘及将文件扩展到包含其他数据的内存中。当打开扩展的文件时，用户可能能够读取和修改获得的数据。默认值: Administrators
2.2.34,配置文件单个进程,Privilege Rights,seprofilesingleprocessprivilege,"Administrators,Power Users","Administrators,Power Users",,,计算机配置/Windows 设置/安全设置/帐户策略/本地策略/用户权限分配/配置文件单个进程,此安全设置确定哪些用户可以使用性能监视工具来监视非系统进程的性能。默认值: Administrators、Power users。
2.2.35,配置文件系统性能,Privilege Rights,sesystemprofileprivilege,"Administrators,NT SERVICE/WdiServiceHost","Administrators,NT SERVICE/WdiServiceHost",,,计算机配置/Windows 设置/安全设置/帐户策略/本地策略/用户权限分配/配置文件系统性能,此安全设置确定哪些用户可以使用性能监视工具来监视系统进程的性能。默认: Administrators。
2.2.36,替换一个进程级令牌,Privilege Rights,seassignprimarytokenprivilege,"LOCAL SERVICE,NETWORK SERVICE","LOCAL SERVICE,NETWORK SERVICE",,,计算机配置/Windows 设置/安全设置/帐户策略/本地策略/用户权限分配/替换一个进程级令牌,此安全设置确定哪些用户帐户可以调用 CreateProcessAsUser() 应用程序编程接口(API)，从而使一个服务能够启动另一个服务。任务计划程序是使用此用户权限的进程的一个示例。有关任务计划程序的信息，请参阅任务计划程序概述。默认值: Network Service、Local Service。
2.2.37,还原文件和目录,Privilege Rights,serestoreprivilege,"Administrators,Backup Operators","Administrators,Backup Operators",,,计算机配置/Windows 设置/安全设置/帐户策略/本地策略/用户权限分配/还原文件和目录,此安全设置确定在还原备份的文件和目录时哪些用户可以绕过文件、目录、注册表和其他永久对象权限，以及确定哪些用户可以将任何有效的安全主体设置为对象的所有者。特殊情况下，此用户权限类似于向系统上所有文件和文件夹涉及到的用户或组授予下列权限:遍历文件夹/执行文件、写入。分配此用户权限可能有安全风险。由于具有此用户权限的用户可以覆盖注册表设置、隐藏数据及获得系统对象的所有权，请仅向受信任的用户分配此用户权限。默认值:工作站和服务器: Administrators、Backup Operators。域控制器: Administrators、Backup Operators、Server Operators。
2.2.38,关闭系统,Privilege Rights,seshutdownprivilege,"Administrators,Backup Operators,Users","Administrators,Backup Operators,Users",,,计算机配置/Windows 设置/安全设置/帐户策略/本地策略/用户权限分配/关闭系统,此安全设置确定哪些在本地登录到计算机的用户可以使用关机命令关闭操作系统。误用此用户权限会导致拒绝服务。工作站上的默认值: Administrators、Backup Operators、Users。服务器上的默认值: Administrators、Backup Operators。域控制器上的默认值: Administrators、Backup Operators、Server Operators、Print Operators。
2.2.39,同步目录服务数据,Privilege Rights,sesyncagentprivilege,,,,,计算机配置/Windows 设置/安全设置/帐户策略/本地策略/用户权限分配/同步目录服务数据,此安全设置确定哪些用户和组有权同步所有目录服务数据。这也称为 Active Directory 同步。
2.2.40,取得文件或其他对象的所有权,Privilege Rights,setakeownershipprivilege,Administrators,Administrators,,,计算机配置/Windows 设置/安全设置/帐户策略/本地策略/用户权限分配/取得文件或其他对象的所有权,此安全设置确定哪些用户可以取得系统中任何安全对象(包括 Active Directory 对象、文件和文件夹、打印机、注册表项、进程以及线程)的所有权。分配此用户权限可能有安全风险。由于对象所有者具有对象的完全控制权限，请仅向受信任的用户分配此用户权限。默认值: Administrators。
2.3.1.3,帐户: 使用空密码的本地帐户只允许进行控制台登录,Registry Values,MACHINE/System/CurrentControlSet/Control/Lsa/LimitBlankPasswordUse,"4,1:启用;4,0:禁用",启用,,,计算机配置/Windows 设置/安全设置/本地策略/安全选项,此安全设置确定未进行密码保护的本地帐户是否可以用于从物理计算机控制台之外的位置登录。如果启用此设置，则未进行密码保护的本地帐户将仅能够通过计算机的键盘登录。默认值: 启用。物理上不在安全位置的计算机应该始终对所有本地用户帐户强制实施强密码策略。否则，物理上可访问该计算机的任何人都可以使用没有密码的用户帐户登录。这对于便携式计算机特别重要。如果向 Everyone 组应用此安全策略，则任何人都无法通过远程桌面服务登录。注意：此设置不影响使用域帐户的登录。使用远程交互式登录的应用程序可以绕过此设置。注意: 在以前版本的 Windows Server 中，远程桌面服务称为终端服务。
2.3.2.1,审核：强制审核策略子类别设置(Windows Visita或更高版本)替代审核策略类别设置,Registry Values,MACHINE/System/CurrentControlSet/Control/Lsa/SCENoApplyLegacyAuditPolicy,"4,1:启用;4,0:禁用",启用,,,计算机配置/Windows 设置/安全设置/本地策略/安全选项,Windows Vista 以及 Windows 的更高版本允许审核策略子类别以更精确的方式管理审核策略。在类别级别设置审核策略将替代新的子类别审核策略功能。组策略仅允许在类别级别设置审核策略，并且在新计算机加入域或升级到 Windows Vista (或更高版本)时，现有组策略可能会替代这些新计算机的子类别设置。为了允许使用子类别管理审核策略，而无须更改组策略，Windows Vista 以及更高版本中有一个新的注册表值 SCENoApplyLegacyAuditPolicy，该注册表值阻止了从组策略和本地安全策略管理工具中应用类别级别的审核策略。如果此处设置的类别级别审核策略与当前正在生成的事件不一致，原因可能是设置了此注册表项。默认值: 启用
2.3.2.2,审核：如果无法记录安全审核则立即关闭系统,Registry Values,MACHINE/System/CurrentControlSet/Control/Lsa/CrashOnAuditFail,"4,1:启用;4,0:禁用",禁用,,,计算机配置/Windows 设置/安全设置/本地策略/安全选项,此安全设置确定无法记录安全事件时系统是否会关机。启用此安全设置后，如果因任何原因无法记录安全审核，它就会停止系统。通常，当安全审核日志已满且为安全日志指定的保留方法为“不覆盖事件”或“按天数覆盖事件”时，会无法记录事件。如果安全日志已满且无法覆盖某个现有条目，并且启用了此安全选项，则会出现下列停止错误:STOP: C0000244 {审核失败}、尝试生成安全审核失败。若要恢复，管理员必须根据需要登录、归档日志(可选)、清除日志以及重置此选项。即使安全日志未满，也要到重置此安全设置之后，非 Administrators 组成员用户才能登录到系统。注意: 在 Windows Vista 之前的 Windows 版本配置此安全设置时，只有重新启动 Windows，更改才会生效。默认值: 禁用。
2.3.4.1,设备: 允许对可移动媒体进行格式化并弹出,Registry Values,MACHINE/Software/Microsoft/Windows NT/CurrentVersion/Winlogon/AllocateDASD,"1,""0"":Administrators;1,""1"":Administrators,Power Users;1,""2"":Administrators,Interactive Users",Administrators,,,计算机配置/Windows 设置/安全设置/本地策略/安全选项,此安全设置确定允许格式化和弹出可移动 NTFS 介质的用户。可以将此功能授予:Administrators、Administrators 和 Interactive Users。默认值: 未定义此策略，且只有 Administrators 具有此能力。
2.3.4.2,设备: 防止用户安装打印机驱动程序,Registry Values,MACHINE/System/CurrentControlSet/Control/Print/Providers/LanMan Print Services/Servers/AddPrinterDrivers,"4,1:启用;4,0:禁用",启用,,,计算机配置/Windows 设置/安全设置/本地策略/安全选项,对于要使用共享打印机进行打印的计算机，该本地计算机上必须安装有该共享打印机的驱动程序。此安全设置确定允许哪些人可以在连接共享打印机时安装打印机驱动程序。如果启用该设置，则只有管理员可以在连接共享打印机时安装打印机驱动程序。如果禁用该设置，则任何用户都可以在连接共享打印机时安装打印机驱动程序。服务器上的默认值: 启用。工作站上的默认值: 禁用。注意：该设置不影响添加本地打印机的能力。该设置不影响管理员。
2.3.5.1,域控制器: 允许服务器操作者计划任务,Registry Values,MACHINE/System/CurrentControlSet/Control/Lsa/SubmitControl,"4,1:启用;4,0:禁用",,,,计算机配置/Windows 设置/安全设置/本地策略/安全选项,该安全设置确定是否允许服务器操作者通过 AT 计划工具提交作业。注意: 该安全设置仅影响 AT 计划工具；它不影响任务计划程序实用程序。默认: 未定义该策略，意味着系统将其视为禁用。
2.3.5.2,域控制器: LDAP 服务器签名要求,Registry Values,MACHINE/System/CurrentControlSet/Services/NTDS/Parameters/LDAPServerIntegrity,"4,1:启用;4,0:禁用",,,,计算机配置/Windows 设置/安全设置/本地策略/安全选项,该安全设置确定 LDAP 服务器是否需要与 LDAP 客户端协商签名，如下所示:无: 不需要数据签名，以便与服务器绑定。如果客户端需要数据签名，服务器会支持它。需要签名: 除非已使用 TLS/SSL，否则必须协商 LDAP 数据签名选项。默认值: 未定义此策略，与“无”具有相同的效果。如果将服务器设置为“需要签名”，还必须设置客户端。未设置客户端会导致丢失与服务器的连接。该设置对 LDAP 简单绑定或通过 SSL 的 LDAP 简单绑定没有任何影响。随 Windows XP Professional 一起提供的 Microsoft LDAP 客户端都不使用 LDAP 简单绑定或通过 SSL 的 LDAP 简单绑定与域控制器对话。如果需要签名，则 LDAP 简单绑定或通过 SSL 的 LDAP 简单绑定请求会被拒绝。运行 Windows XP Professional 或 Windows Server 2003 家族的 Microsoft LDAP 客户端都不使用 LDAP 简单绑定或通过 SSL 的 LDAP 简单绑定来绑定到目录服务。
2.3.5.3,域控制器: 拒绝计算机帐户密码更改,Registry Values,MACHINE/System/CurrentControlSet/Services/Netlogon/Parameters/RefusePasswordChange,"4,1:启用;4,0:禁用",,,,计算机配置/Windows 设置/安全设置/本地策略/安全选项,该安全设置确定域控制器是否会拒绝成员计算机更改计算机帐户密码的请求。默认情况下，成员计算机每隔 30 天更改一次其计算机帐户密码。如果启用该设置，域控制器将拒绝计算机帐户密码更改请求。如果启用，该设置将不允许域控制器接受对计算机帐户的密码进行任何更改。默认值: 未定义此策略，这意味着系统将其视为 Disabled。域控制器: 拒绝计算机帐户密码更改该安全设置确定域控制器是否会拒绝成员计算机更改计算机帐户密码的请求。默认情况下，成员计算机每隔 30 天更改一次其计算机帐户密码。如果启用该设置，域控制器将拒绝计算机帐户密码更改请求。如果启用，该设置将不允许域控制器接受对计算机帐户的密码进行任何更改。默认值: 未定义此策略，这意味着系统将其视为 Disabled。
2.3.6.1,域成员：对安全通道数据进行数字加密或数字签名（始终）,Registry Values,MACHINE/System/CurrentControlSet/Control/Lsa/CrashOnAuditFail,"4,1:启用;4,0:禁用",启用,,,计算机配置/Windows 设置/安全设置/本地策略/安全选项,该设置确定所有由域成员引发的安全通道流量是否符合最低的安全要求。特别是，它确定是否必须对所有由域成员引发的安全通道流量进行签名或加密。如果启用该策略，则不会建立安全通道，除非已协商所有安全通道流量的签名或加密。如果禁用该策略，则会与域控制器协商所有安全通道流量的加密和签名，在这种情况下，签名和加密的等级取决于域控制器的版本以及下列两种策略的设置:域成员: 对安全通道数据进行数字加密(如果可能)、域成员: 对安全通道数据进行数字签名(如果可能)。如果启用该策略，则会假定已启用策略“域成员: 对安全通道数据进行数字签名(如果可能)”，而不管其当前设置。这样确保域成员会尝试至少协商安全通道流量的签名。如果启用该策略，则会假定已启用策略“域成员: 对安全通道数据进行数字签名(如果可能)”，而不管其当前设置。这样确保域成员会尝试至少协商安全通道流量的签名。通过安全通道传输的登录信息始终被加密，而不管是否已协商所有其他安全通道流量的加密。
2.3.6.2,域成员：对安全通道数据进行数字加密（如果可能）,Registry Values,MACHINE/System/CurrentControlSet/Control/Lsa/AuditBaseObjects,"4,1:启用;4,0:禁用",启用,,,计算机配置/Windows 设置/安全设置/本地策略/安全选项,该安全设置确定域成员是否为它引发的所有安全通道流量尝试协商加密。当计算机加入域时，会创建一个计算机帐户。之后，当系统启动时，会使用该计算机帐户密码为该计算机所在的域创建一个具有域控制器的安全通道。该安全通道用于执行对 NTLM 通过身份验证、LSA SID/名称查找等操作。该设置确定域成员是否为它引发的所有安全通道流量尝试协商加密。如果已启用，域成员会请求对所有安全通道流量进行加密。如果域控制器支持对所有安全通道流量进行加密，则会加密所有安全通道流量。否则，将只加密通过安全通道传输的登录信息。如果禁用该设置，则域成员将不会尝试协商安全通道加密。没有禁用该设置的已知原因。除了不必要地降低安全通道的潜在保密性级别之外，禁用该设置还可能会不必要地降低安全通道的吞吐量，因为只有对安全通道进行了签名或加密，才能使用借助于安全通道的并发 API 调用。注意: 域控制器也是域成员，它与同一域中的其他域控制器，以及受信任域中的域控制器建立安全通道。
2.3.6.3,域成员: 对安全通道数据进行数字签名(如果可能),Registry Values,MACHINE/System/CurrentControlSet/Services/Netlogon/Parameters/SignSecureChannel,"4,1:启用;4,0:禁用",启用,,,计算机配置/Windows 设置/安全设置/本地策略/安全选项,该安全设置确定域成员是否尝试协商对它所引发的所有安全通道流量进行签名。当计算机加入域时，会创建一个计算机帐户。之后，系统在启动时会使用该计算机帐户密码在域内创建一个具有域控制器的安全通道。该安全通道用于执行 NTLM 身份验证、LSA SID/name 查找等操作。该设置确定域成员是否尝试协商对它所引发的所有安全通道流量进行签名。如果启用，域成员将会请求所有安全通道流量的签名。如果域控制器支持所有安全通道流量的签名，则会对所有安全通道流量进行签名，从而确保传输过程中不会被篡改。默认设置: 已启用。注意:如果启用策略“域成员: 对安全通道数据进行数字加密或数字签名(始终)”，则会假定已启用该策略，而不管其当前设置。域控制器也是域成员，它与同一域中的其他域控制器以及受信任域中的域控制器建立安全通道。
2.3.6.4,域成员: 禁用计算机帐户密码更改,Registry Values,MACHINE/System/CurrentControlSet/Services/Netlogon/Parameters/DisablePasswordChange,"4,1:启用;4,0:禁用",禁用,,,计算机配置/Windows 设置/安全设置/本地策略/安全选项,确定域成员是否定期更改其计算机帐户密码。如果启用该设置，则域成员不会尝试更改其计算机帐户密码。如果禁用该设置，则域成员会尝试按照“域成员: 计算机帐户密码最长使用期限”设置所指定的间隔更改其计算机帐户密码，默认情况下是每隔 30 天。默认值: 禁用。不应启用该设置。计算机帐户密码用于在成员和域控制器之间以及域范围内和域控制器本身之间建立安全通道通信。建立之后，安全通道就可以用于传输做出身份验证和授权决策所必须的敏感信息。不应将该设置用于尝试使用同一计算机帐户支持双引导方案。如果您要双引导加入到同一域中的两种安装，请为这两种安装指定不同的计算机名称。
2.3.6.5,域成员：计算机帐户密码最长使用期限,Registry Values,MACHINE/System/CurrentControlSet/Services/Netlogon/Parameters/MaximumPasswordAge,"[1,30]","[1,30]",,,计算机配置/Windows 设置/安全设置/本地策略/安全选项,该安全设置确定域成员尝试更改其计算机帐户密码的频率。默认: 30 天。该设置适用于 Windows 2000 计算机，但是无法通过安全配置管理器工具用于这些计算机上。
2.3.6.6,域成员：需要强（Windows 2000或更高版本）会话密钥,Registry Values,MACHINE/System/CurrentControlSet/Services/Netlogon/Parameters/RequireStrongKey,"4,1:启用;4,0:禁用",禁用,,,计算机配置/Windows 设置/安全设置/本地策略/安全选项,该安全设置确定已加密的安全通道数据是否需要 128 位密钥强度。计算机加入域后，会创建一个计算机帐户。之后，系统在启动时会使用该计算机帐户密码在域内创建一个具有域控制器的安全通道。该安全通道用于执行 NTLM 身份验证、LSA SID/名称查找等操作。根据在域控制器(域成员与之通信)上运行的 Windows 版本和下列参数的设置: 域成员: 对安全通道数据进行数字加密或签名(始终)、域成员: 对安全通道数据进行数字加密(如果可能)、将加密通过安全通道传输的部分或全部信息。该策略设置决定已加密的安全通道信息是否需要 128 位密钥强度。如果启用该设置，除非可以执行 128 位加密，否则不会建立安全通道。如果禁用该设置，则会与域控制器协商密钥强度。默认设置: 已启用。为了在成员工作站和服务器上利用该策略，必须在构成该成员域的所有域控制器上运行 Windows 2000 或更高版本。为了在域控制器上利用该策略，必须在同一域中，以及所有受信任域中的所有域控制器上运行 Windows 2000 或更高版本。
2.3.7.1,交互式登录: 不显示最后的用户名,Registry Values,MACHINE/Software/Microsoft/Windows/CurrentVersion/Policies/System/DontDisplayLastUserName,"4,1:启用;4,0:禁用",禁用,,,计算机配置/Windows 设置/安全设置/本地策略/安全选项,此策略设置确定是否在每台计算机各自的Windows登录屏幕中显示登录到组织中的客户端计算机的上一个用户的帐户名。启用此策略设置可防止入侵者从组织中的桌面或笔记本电脑屏幕上收集帐户名。如果启用该策略，将不显示用户名。如果禁用该策略，将显示用户名。默认: 禁用。
2.3.7.2,交互登录:无须按Ctrl+Alt+Del,Registry Values,MACHINE/Software/Microsoft/Windows/CurrentVersion/Policies/System/DisableCAD,"4,1:启用;4,0:禁用",禁用,,,计算机配置/Windows 设置/安全设置/本地策略/安全选项,此安全设置确定在用户登录之前是否需要按 CTRL+ALT+DEL。如果在计算机上启用了此策略，则用户无需按 CTRL+ALT+DEL 即可登录。不必按 CTRL+ALT+DEL，用户就容易受到试图拦截用户密码的攻击。如果用户在登录前需要按 CTRL+ALT+DEL 则可确保用户在输入其密码时通过可信路径进行通信。如果禁用此策略，则任何用户在登录到 Windows 前都必须按 CTRL+ALT+DEL。域计算机上的默认值: 已启用: 至少 Windows 8/已禁用: Windows 7 或更早版本。独立计算机上的默认值: 已启用。
2.3.7.3,交互式登录: 试图登录的用户的消息文本,Registry Values,MACHINE/Software/Microsoft/Windows/CurrentVersion/Policies/System/LegalNoticeText,not none,not none,,,计算机配置/Windows 设置/安全设置/本地策略/安全选项,该安全设置指定用户登录时向其显示的文本消息。该文本通常用于法律原因，例如，警告用户滥用公司信息的后果或其操作可能要经过审核。默认设置: 无消息。
2.3.7.4,交互式登录: 试图登录的用户的消息标题,Registry Values,MACHINE/Software/Microsoft/Windows/CurrentVersion/Policies/System/LegalNoticeCaption,not none,not none,,,计算机配置/Windows 设置/安全设置/本地策略/安全选项,该安全设置允许在包含“交互式登录: 试图登录的用户的消息文本”的窗口的标题栏中显示标题的说明。默认: 无消息。
2.3.7.5,交互式登录: 之前登录到缓存的次数(域控制器不可用时),Registry Values,MACHINE/Software/Microsoft/Windows NT/CurrentVersion/Winlogon/CachedLogonsCount,"[,4]","[,4]",,,计算机配置/Windows 设置/安全设置/本地策略/安全选项,所有之前用户的登录信息都会缓存在本地，因此当随后的登录尝试期间域控制器不可用时，用户仍然可以登录。如果域控制器不可用且已缓存用户的登录信息，则系统会向用户提示如下所示的消息:Windows 无法连接到服务器以确认您的登录设置。您已使用之前存储的帐户信息登录。如果您在上次登录到该计算机后更改了帐户信息，则这些变化不会反映在该会话中。如果域控制器不可用且未缓存用户的登录信息，则系统会向用户提示如下消息:系统现在无法使您登录，因为域 <DOMAIN_NAME> 不可用。在该策略设置中，0 值表示禁用了登录缓存。任何大于 50 的值都仅缓存 50 次登录尝试。默认值: 25
2.3.7.6,交互式登录: 在过期前提示用户更改密码,Registry Values,MACHINE/Software/Microsoft/Windows NT/CurrentVersion/Winlogon/PasswordExpiryWarning,"[5,14]","[5, 14]",,,计算机配置/Windows 设置/安全设置/本地策略/安全选项,确定提前多长时间(以天为单位)向用户发出其密码即将过期的警告。借助该提前警告，用户有时间构造足够强大的密码。默认: 14 天。
2.3.7.7,交互式登录: 需要域控制器身份验证以对工作站进行解锁,Registry Values,MACHINE/Software/Microsoft/Windows NT/CurrentVersion/Winlogon/ForceUnlockLogon,"4,1:启用;4,0:禁用",启用,,,计算机配置/Windows 设置/安全设置/本地策略/安全选项,交互式登录: 需要域控制器身份验证以解除锁定。必须提供登录信息以解除计算机锁定。对于域帐户，该安全设置确定是否必须联系域控制器以解除计算机锁定。如果禁用该设置，则用户可以使用已缓存的凭据解除计算机锁定。如果启用该设置，则域控制器必须对用于解除计算机锁定的域帐户进行身份验证。默认: 启用。重要信息，该设置适用于 Windows 2000 计算机，但是无法通过安全配置管理器工具在此类计算机上使用。
2.3.7.8,交互式登录: 智能卡移除行为,Registry Values,MACHINE/Software/Microsoft/Windows NT/CurrentVersion/Winlogon/ScRemoveOption,"1,""0"":无操作;1,""1"":锁定工作站;1,""2"":强制注销;1,""3"":如果为远程桌面服务会话，则断开连接",锁定工作站或更高,,,计算机配置/Windows 设置/安全设置/本地策略/安全选项,交互式登录: 智能卡移除行为。此安全设置确定从智能卡读卡器中移除已登录用户的智能卡时发生的情况。选项包括:无操作、锁定工作站、强制注销、如果为远程桌面服务会话，则断开连接。如果单击此策略的“属性”对话框中的“锁定工作站”，则移除智能卡时将锁定该工作站，这允许用户携带其智能卡离开该区域，且仍保持受保护的会话。如果单击此策略的“属性”对话框中的“强制注销”，则移除智能卡时将自动注销用户。如果单击“如果为远程桌面服务会话，则断开连接”，则移除智能卡时将断开会话连接，而不注销用户。这使用户可以在稍后插入智能卡并继续会话，或者在配置有智能卡读卡器的其他计算机上插入智能卡并继续会话，而无需再次登录。对于本地会话，此策略的功能与“锁定工作站”相同。注意: 在以前版本的 Windows Server 中，远程桌面服务称为终端服务。默认值: 未定义此策略，这表明系统将其视为“无操作”。在 Windows Vista 及更高版本的操作系统上: 为了使此设置能够生效，必须启动智能卡移除策略服务。
2.3.8.1,Microsoft 网络客户端：对通信进行数字签名（始终）,Registry Values,MACHINE/System/CurrentControlSet/Services/LanmanWorkstation/Parameters/RequireSecuritySignature,"4,1:启用;4,0:禁用",启用,,,计算机配置/Windows 设置/安全设置/本地策略/安全选项,Microsoft 网络服务器: 对通信进行数字签名(始终)。此安全设置确定 SMB 服务器组件是否要求进行数据包签名。服务器消息块(SMB)协议为 Microsoft 文件和打印共享以及许多其他网络操作(如远程 Windows 管理)提供了基础。为了防止在传输过程中修改 SMB 数据包的“中间人”攻击，SMB 协议支持对 SMB 数据包进行数字签名。此策略设置确定在允许与 SMB 客户端进行进一步通信前是否必须协商 SMB 数据包签名。如果启用此设置，则只有在 Microsoft 网络客户端同意执行 SMB 数据包签名时，Microsoft 网络服务器才会与该客户端通信。如果禁用此设置，则会在客户端和服务器之间协商 SMB 数据包签名。默认设置:对成员服务器禁用。对域控制器启用。
2.3.8.2,Microsoft网络客户端：对通信进行数字签名(如果服务器允许）,Registry Values,MACHINE/System/CurrentControlSet/Services/LanmanWorkstation/Parameters/EnableSecuritySignature,"4,1:启用;4,0:禁用",启用,,,计算机配置/Windows 设置/安全设置/本地策略/安全选项,Microsoft 网络客户端: 对通信进行数字签名(如果服务器允许)。此安全设置确定 SMB 客户端是否尝试协商 SMB 数据包签名。服务器消息块(SMB)协议为 Microsoft 文件和打印共享以及许多其他网络操作(如远程 Windows 管理)提供了基础。为了防止在传输过程中修改 SMB 数据包的中间人攻击，SMB 协议支持对 SMB 数据包进行数字签名。此策略设置确定当连接到 SMB 服务器时 SMB 客户端组件是否尝试协商 SMB 数据包签名。如果启用此设置，则 Microsoft 网络客户端会要求服务器在设置会话时执行 SMB 数据包签名。如果服务器上启用了数据包签名，则会协商数据包签名。如果禁用此策略，则 SMB 客户端将从不协商 SMB 数据包签名。默认设置: 启用。注意所有 Windows 操作系统都支持客户端 SMB 组件和服务器端 SMB 组件。在 Windows 2000 及更高版本中，是否启用或要求对客户端和服务器端 SMB 组件进行数据包签名受以下四种策略设置控制:Microsoft 网络客户端: 对通信进行数字签名(始终) - 控制客户端 SMB 组件是否需要数据包签名。Microsoft 网络客户端: 对通信进行数字签名(如果服务器允许) - 控制客户端 SMB 组件是否启用数据包签名。Microsoft 网络服务器: 对通信进行数字签名(始终) - 控制服务器端 SMB 组件是否需要数据包签名。Microsoft 网络服务器: 对通信进行数字签名(如果客户端允许) - 控制服务器端 SMB 组件是否启用数据包签名。如果客户端和服务器端 SMB 签名均已启用且客户端与服务器建立 SMB 1.0 连接，则将尝试 SMB 签名。SMB 数据包签名可能会显著降低 SMB 性能，具体取决于方言版本、OS 版本、文件大小、处理器卸载能力和应用程序 IO 行为。此设置仅适用于 SMB 1.0 连接。
2.3.8.3,Microsoft网络客户端：将未加密的密码发送到第三方SMB服务器,Registry Values,MACHINE/System/CurrentControlSet/Services/LanmanWorkstation/Parameters/EnablePlainTextPassword,"4,1:启用;4,0:禁用",禁用,,,计算机配置/Windows 设置/安全设置/本地策略/安全选项,Microsoft 网络客户端: 发送未加密的密码以连接到第三方 SMB 服务器。如果启用此安全设置，则允许服务器消息块(SMB)重定向程序向不支持在身份验证期间进行密码加密的非 Microsoft SMB 服务器发送纯文本密码。发送未加密的密码会有安全风险。默认值: 禁用。
2.3.9.1,Microsoft 网络服务器: 暂停会话前所需的空闲时间量,Registry Values,MACHINE/System/CurrentControlSet/Services/LanManServer/Parameters/AutoDisconnect,"[1,15]","[1,15]",,,计算机配置/Windows 设置/安全设置/本地策略/安全选项,Microsoft 网络服务器: 暂停会话前所需的空闲时间量。该安全设置确定因处于非活动状态而暂停会话之前服务器消息块(SMB)会话必须经过的连续空闲时间量。管理员可以使用该策略控制计算机何时暂停非活动的 SMB 会话。如果客户端恢复活动状态，则会自动重新建立会话。对于该策略设置，0 值表示尽可能快地断开空闲会话连接。最大值为 99999，表示 208 天；该值事实上等于禁用了此策略。默认设置: 未定义该策略，这表明系统将其视为对于服务器是 15 分钟，对于工作站是未定义。
2.3.9.2,Microsoft 网络服务器: 对通信进行数字签名(始终),Registry Values,MACHINE/System/CurrentControlSet/Services/LanManServer/Parameters/RequireSecuritySignature,"4,1:启用;4,0:禁用",启用,,,计算机配置/Windows 设置/安全设置/本地策略/安全选项,Microsoft 网络服务器: 对通信进行数字签名(始终)。此安全设置确定 SMB 服务器组件是否要求进行数据包签名。服务器消息块(SMB)协议为 Microsoft 文件和打印共享以及许多其他网络操作(如远程 Windows 管理)提供了基础。为了防止在传输过程中修改 SMB 数据包的“中间人”攻击，SMB 协议支持对 SMB 数据包进行数字签名。此策略设置确定在允许与 SMB 客户端进行进一步通信前是否必须协商 SMB 数据包签名。如果启用此设置，则只有在 Microsoft 网络客户端同意执行 SMB 数据包签名时，Microsoft 网络服务器才会与该客户端通信。如果禁用此设置，则会在客户端和服务器之间协商 SMB 数据包签名。默认设置:对成员服务器禁用。对域控制器启用。
2.3.9.3,Microsoft 网络服务器: 对通信进行数字签名(如果客户端允许),Registry Values,MACHINE/System/CurrentControlSet/Services/LanManServer/Parameters/EnableSecuritySignature,"4,1:启用;4,0:禁用",启用,,,计算机配置/Windows 设置/安全设置/本地策略/安全选项,Microsoft 网络服务器: 对通信进行数字签名(如果客户端允许)此安全设置确定 SMB 服务器是否将与请求 SMB 数据包签名的客户端协商 SMB 数据包签名。服务器消息块(SMB)协议为 Microsoft 文件和打印共享以及许多其他网络操作(如远程 Windows 管理)提供了基础。为了防止在传输过程中修改 SMB 数据包的中间人攻击，SMB 协议支持对 SMB 数据包进行数字签名。此策略设置确定 SMB 服务器是否将在 SMB 客户端请求 SMB 数据包签名时与其协商 SMB 数据包签名。如果启用此设置，Microsoft 网络服务器将在客户端请求 SMB 数据包签名时与其协商 SMB 数据包签名。这就意味着，如果已经在客户端上启用了数据包签名，则将协商数据包签名。如果禁用此策略，则 SMB 客户端将从不协商 SMB 数据包签名。默认设置: 仅在域控制器上启用。
2.3.9.4,Microsoft 网络服务器: 登录时间过期后断开与客户端的连接,Registry Values,MACHINE/System/CurrentControlSet/Services/LanManServer/Parameters/EnableForcedLogOff,"4,1:启用;4,0:禁用",启用,,,计算机配置/Windows 设置/安全设置/本地策略/安全选项,此安全设置确定在连接到本地计算机的用户超出其用户帐户的有效登录时间时是否断开与用户的连接。此设置会影响服务器消息块(SMB)组件。如果启用了此策略，一旦客户端的登录时间过期，该策略便会强制断开与 SMB 服务建立的客户端会话。如果禁用了此策略，即便在客户端登录时间过期后，仍允许维持已建立的客户端会话。
2.3.9.5,Microsoft 网络服务器: 服务器 SPN 目标名称验证级别,Registry Values,MACHINE/System/CurrentControlSet/Services/LanManServer/Parameters/SmbServerNameHardeningLevel,"4,0:关闭;4,1:由客户端提供时接受;4,2:客户端要求",关闭,,,计算机配置/Windows 设置/安全设置/本地策略/安全选项,此策略设置控制具有共享文件夹或打印机的计算机(服务器)对客户端计算机使用服务器消息块(SMB)协议创建会话时提供的服务主体名称(SPN)执行的验证级别。服务器消息块(SMB)协议为文件和打印共享以及其他网络操作(如远程 Windows 管理)提供基础。SMB 协议支持在 SMB 客户端提供的身份验证 BLOB 内对 SMB 服务器服务主体名称(SPN)进行验证，以防止对 SMB 服务器进行的一类攻击，称为 SMB 中继攻击。此设置会影响 SMB1 和 SMB2。此安全设置确定 SMB 服务器对 SMB 客户端尝试建立到 SMB 服务器的会话时提供的服务主体名称(SPN)执行的验证级别。选项如下：关闭 - 不需要 SPN 或 SMB 服务器不需要通过 SMB 客户端验证 SPN。在由客户端提供时接受 - SMB 服务器将接受并验证 SMB 客户端提供的 SPN，并允许在 SPN 本身与 SMB 服务器的 SPN 列表匹配时建立该会话。如果 SPN 不匹配，则系统将拒绝该 SMB 客户端的会话请求。客户端需要 - SMB 客户端必须在会话设置中发送 SPN 名称，并且提供的 SPN 名称必须与请求建立连接的 SMB 服务器匹配。如果客户端没有提供任何 SPN，或者提供的 SPN 不匹配，则系统将拒绝会话。默认: 关闭所有的 Windows 操作系统都支持客户端 SMB 组件和服务器端 SMB 组件。此设置影响服务器 SMB 行为，应认真评估并测试其实施情况，以防止中断文件和打印服务功能。有关实施和使用此设置来保护 SMB 服务器的其他信息，请访问 Microsoft 网站(https://go.microsoft.com/fwlink/?LinkId=144505)。
2.3.10.2,网络访问: 不允许匿名枚举 SAM帐户,Registry Values,MACHINE/System/CurrentControlSet/Control/Lsa/RestrictAnonymousSAM,"4,1:启用;4,0:禁用",启用,,,计算机配置/Windows 设置/安全设置/本地策略/安全选项,此安全设置确定将哪些附加权限授予连接到计算机的匿名连接。Windows 允许匿名用户执行某些操作，如枚举域帐户和网络共享的名称。这很方便。例如，当管理员希望将访问权限授予不维护相互信任的受信任域中的用户时。此安全选项允许将附加限制按如下方式用于匿名连接:已启用: 不允许枚举 SAM 帐户。此选项在资源的安全权限中将 Everyone 替换为“已通过身份验证的用户”。已禁用: 无附加限制。依赖于默认权限。工作站上的默认设置: 已启用。服务器上的默认设置: 已启用。重要信息此策略对域控制器没有影响。
2.3.10.3,网络访问: 不允许 SAM 帐户和共享的匿名枚举,Registry Values,MACHINE/System/CurrentControlSet/Control/Lsa/RestrictAnonymous,"4,1:启用;4,0:禁用",启用,,,计算机配置/Windows 设置/安全设置/本地策略/安全选项,此安全设置确定是否允许 SAM 帐户和共享的匿名枚举。Windows 允许匿名用户执行某些活动，如枚举域帐户和网络共享的名称。这很方便，例如当管理员希望将访问权限授予不维护相互信任的受信任域中的用户时。如果不希望允许 SAM 帐户和共享的匿名枚举，请启用此策略。
2.3.10.4,网络访问: 不允许存储网络身份验证的密码和凭据,Registry Values,MACHINE/System/CurrentControlSet/Control/Lsa/DisableDomainCreds,"4,1:启用;4,0:禁用",启用,,,计算机配置/Windows 设置/安全设置/本地策略/安全选项,此安全设置确定凭据管理器是否保存通过域身份验证的密码和凭据，以备日后使用。如果启用此设置，则凭据管理器不会将密码和凭据存储在计算机上。如果禁用或未配置此策略设置，则凭据管理器会将密码和凭据存储在计算机上，以便以后用于域身份验证。注意: 配置此安全设置时，所做的更改将在重新启动 Windows 后生效。默认值: 禁用。
2.3.10.5,网络访问: 将 Everyone 权限应用于匿名用户,Registry Values,MACHINE/System/CurrentControlSet/Control/Lsa/EveryoneIncludesAnonymous,"4,1:启用;4,0:禁用",禁用,,,计算机配置/Windows 设置/安全设置/本地策略/安全选项,此安全设置确定将哪些附加权限授予连接到计算机的匿名连接。Windows 允许匿名用户执行某些活动，如枚举域帐户和网络共享的名称。这很方便，例如当管理员希望将访问权限授予不维护相互信任的受信任域中的用户时。默认情况下，Everyone 安全标识符(SID)会从为匿名连接创建的令牌中删除。因此，授予 Everyone 组的权限不会应用于匿名用户。如果设置此选项，匿名用户仅可以访问其拥有明确权限的资源。如果启用此策略，会将 Everyone SID 添加到为匿名连接创建的令牌。在这种情况下，匿名用户可以访问 Everyone 组拥有权限的所有资源。默认设置: 禁用。
2.3.10.6,网络访问: 可匿名访问的命名管道,Registry Values,MACHINE/System/CurrentControlSet/Services/LanManServer/Parameters/NullSessionPipes,"7,",none,,,计算机配置/Windows 设置/安全设置/本地策略/安全选项,此安全设置确定哪些通信会话(管道)将具有允许匿名访问的属性和权限。
2.3.10.7,网络访问：可远程访问的注册表路径,Registry Values,MACHINE/System/CurrentControlSet/Control/SecurePipeServers/Winreg/AllowedExactPaths/Machine,System/CurrentControlSet/Control/ProductOptions System/CurrentControlSet/Control/Server Applications Software/Microsoft/Windows NT/CurrentVersion,System/CurrentControlSet/Control/ProductOptions System/CurrentControlSet/Control/Server Applications Software/Microsoft/Windows NT/CurrentVersion,,,计算机配置/Windows 设置/安全设置/本地策略/安全选项,此安全设置确定哪些注册表项可以通过网络进行访问，而不管 Winreg 注册表项的访问控制列表(ACL)中列出的用户或组是什么。默认值:System/CurrentControlSet/Control/ProductOptions System/CurrentControlSet/Control/Server ApplicationsSoftware/Microsoft/Windows NT/CurrentVersion警告 编辑注册表不当可能会严重损坏您的系统。在更改注册表之前，应在计算机上备份任何有价值的数据。注意: 此安全设置在 Windows 的早期版本上不可用。运行 Windows XP 的计算机上出现的该安全设置为“网络访问: 可远程访问的注册表路径”，它对应于在 Windows Server 2003 家族的成员计算机上显示的“网络访问: 可远程访问的注册表路径和子路径”安全选项。 默认值:System/CurrentControlSet/Control/ProductOptions System/CurrentControlSet/Control/Server Applications Software/Microsoft/Windows NT/CurrentVersion
2.3.10.8,网络访问：可远程访问的注册表路径和子路径,Registry Values,MACHINE/System/CurrentControlSet/Control/SecurePipeServers/Winreg/AllowedPaths/Machine,System/CurrentControlSet/Control/Print/Printers System/CurrentControlSet/Services/Eventlog Software/Microsoft/OLAP Server Software/Microsoft/Windows NT/CurrentVersion/Print Software/Microsoft/Windows NT/CurrentVersion/Windows System/CurrentControlSet/Control/ContentIndex System/CurrentControlSet/Control/Terminal Server System/CurrentControlSet/Control/Terminal Server/UserConfig System/CurrentControlSet/Control/Terminal Server/DefaultUserConfiguration Software/Microsoft/Windows NT/CurrentVersion/Perflib System/CurrentControlSet/Services/SysmonLog,System/CurrentControlSet/Control/Print/Printers System/CurrentControlSet/Services/Eventlog Software/Microsoft/OLAP Server Software/Microsoft/Windows NT/CurrentVersion/Print Software/Microsoft/Windows NT/CurrentVersion/Windows System/CurrentControlSet/Control/ContentIndex System/CurrentControlSet/Control/Terminal Server System/CurrentControlSet/Control/Terminal Server/UserConfig System/CurrentControlSet/Control/Terminal Server/DefaultUserConfiguration Software/Microsoft/Windows NT/CurrentVersion/Perflib System/CurrentControlSet/Services/SysmonLog,,,计算机配置/Windows 设置/安全设置/本地策略/安全选项,此安全设置确定哪些注册表路径和子路径可以通过网络进行访问，而不管 Winreg 注册表项的访问控制列表(ACL)中列出的用户或组是什么。默认设置:System/CurrentControlSet/Control/Print/PrintersSystem/CurrentControlSet/Services/Eventlog Software/Microsoft/OLAP Server Software/Microsoft/Windows NT/CurrentVersion/Print Software/Microsoft/Windows NT/CurrentVersion/Windows System/CurrentControlSet/Control/ContentIndex System/CurrentControlSet/Control/Terminal Server System/CurrentControlSet/Control/Terminal Server/UserConfig System/CurrentControlSet/Control/Terminal Server/DefaultUserConfiguration Software/Microsoft/Windows NT/CurrentVersion/Perflib System/CurrentControlSet/Services/SysmonLog System/CurrentControlSet/Services/CertSvc System/CurrentControlSet/Services/Wins警告编辑注册表不当可能会严重损坏您的系统。在更改注册表之前，应在计算机上备份任何有价值的数据。注意: 在 Windows XP 上，此安全设置称为“网络访问: 可远程访问的注册表路径”。如果在加入域的 Windows Server 2003 家族的成员计算机上配置此设置，此设置会被运行 Windows XP 的计算机继承，但是它将显示为“网络访问: 可远程访问的注册表路径”安全选项。
2.3.10.9,网络访问：限制对命名管道和共享的匿名访问,Registry Values,MACHINE/System/CurrentControlSet/Services/LanManServer/Parameters/RestrictNullSessAccess,"4,1:启用;4,0:禁用",启用,,,计算机配置/Windows 设置/安全设置/本地策略/安全选项,启用此安全设置会限制对以下设置的共享和管道的匿名访问:网络访问: 可匿名访问的命名管道、网络访问: 可匿名访问的共享。默认设置: 启用。
2.3.10.10,网络访问：可匿名访问的共享,Registry Values,MACHINE/System/CurrentControlSet/Services/LanManServer/Parameters/NullSessionShares,none,none,,,计算机配置/Windows 设置/安全设置/本地策略/安全选项,此安全设置确定匿名用户可以访问哪些网络共享。默认设置: 未指定。
2.3.10.11,网络访问：本地帐户的共享和安全模型,Registry Values,MACHINE/System/CurrentControlSet/Control/Lsa/ForceGuest,"4,1:仅来宾-对本地用户进行身份验证，身份为来宾;4,0:经典-对本地用户进行身份验证，不改变其本来身份",经典-对本地用户进行身份验证，不改变其本来身份,,,计算机配置/Windows 设置/安全设置/本地策略/安全选项,此策略设置确定如何对使用本地帐户的网络登录进行身份验证。Classic选项允许精确控制对资源的访问，包括为同一资源的不同用户分配不同类型的访问。只有来宾选项允许您平等对待所有用户。在此上下文中，所有用户都以Guest身份进行身份验证，以获得对给定资源的相同访问级别。此设置的建议状态为：经典-本地用户作为自己进行身份验证。
2.3.11.1,网络安全: 允许本地系统将计算机标识用于 NTLM,Registry Values,MACHINE/System/CurrentControlSet/Control/Lsa/UseMachineId,"4,1:启用;4,0:禁用",启用,,,计算机配置/Windows 设置/安全设置/本地策略/安全选项,此策略设置允许使用协商的本地系统服务在恢复为 NTLM 身份验证时使用计算机标识。如果启用此策略设置，则作为使用协商的本地系统运行的服务将使用计算机标识。这可能会造成 Windows 操作系统之间的某些身份验证请求失败并且记录一个错误。如果禁用此策略设置，则作为使用协商的本地系统运行的服务将在恢复为 NTLM 身份验证时进行匿名身份验证。默认情况下，在 Windows 7 和更高版本上会启用此策略。默认情况下，在 Windows Vista 上会禁用此策略。操作系统必须是 Windows Vista 或 Windows Server 2008 以上才支持此策略。注意: Windows Vista 或 Windows Server 2008 在组策略中没有公开此设置。
2.3.11.2,网络安全: 允许 LocalSystem NULL 会话回退‘,Registry Values,MACHINE/System/CurrentControlSet/Control/Lsa/MSV1_0/AllowNullSessionFallback,"4,1:启用;4,0:禁用",禁用,,,计算机配置/Windows 设置/安全设置/本地策略/安全选项,使用 LocalSystem 时，允许 NTLM 回退到 NULL 会话。在 Windows Vista 以及以前的系统中，默认值为 TRUE，在 Windows 7 中，默认值为 FALSE。
2.3.11.3,网络安全: 允许对此计算机的 PKU2U 身份验证请求使用联机标识,Registry Values,MACHINE/System/CurrentControlSet/Control/Lsa/pku2u/AllowOnlineID,"4,1:启用;4,0:禁用",禁用,,,计算机配置/Windows 设置/安全设置/本地策略/安全选项,此策略默认情况下在 Windows Server 计算机上被禁用，并且在域控制器上始终被禁用。如果禁用此策略，则会阻止向这些计算机验证联机标识。在 Windows 10 版本 1607 之前，此策略默认情况下在加入域的计算机上被禁用。从 Windows 10 1607 开始，此策略默认情况下在 Windows 版本上已启用。
2.3.11.4,网络安全: 配置 Kerberos 允许的加密类型,Registry Values,MACHINE/Software/Microsoft/Windows/CurrentVersion/Policies/System/Kerberos/Parameters/SupportedEncryptionTypes,"4,0:没有最小;4,1:DES_CBC_CRC;4,2:DES_CBC_MD5;4,3:RC4_HMAC_MD5;4,4:AES128_HMAC_SHA1;4,5:AES256_HMAC_SHA1;4,6:将来的加密类型;4,7:DES_CBC_CRC,DES_CBC_MD5,RC4_HMAC_MD5;4,15:DES_CBC_CRC,DES_CBC_MD5,RC4_HMAC_MD5,AES128_HMAC_SHA1;4,23:DES_CBC_CRC,DES_CBC_MD5,RC4_HMAC_MD5,AES256_HMAC_SHA1;4,31:DES_CBC_CRC,DES_CBC_MD5,RC4_HMAC_MD5,AES128_HMAC_SHA1,AES256_HMAC_SHA1;4,2147483640:AES128_HMAC_SHA1,AES256_HMAC_SHA1,将来的加密类型","AES128_HMAC_SHA1,AES256_HMAC_SHA1,Future encryption types",,,计算机配置/Windows 设置/安全设置/本地策略/安全选项,此策略设置让你可以设置允许 Kerberos 使用的加密类型。如果未选择此策略设置，则不允许使用加密类型。此设置可能会影响与客户端计算机或服务和应用程序的兼容性。允许进行多项选择。至少在 Windows 7 或 Windows Server 2008 R2 上支持此策略。
2.3.11.5,网络安全: 在下一次更改密码时不存储 LAN 管理器哈希值,Registry Values,MACHINE/System/CurrentControlSet/Control/Lsa/NoLMHash,"4,1:启用;4,0:禁用",启用,,,计算机配置/Windows 设置/安全设置/本地策略/安全选项,此安全设置确定在下一次更改密码时是否为新密码存储 LAN 管理器(LM)哈希值。相比加密性更强的 Windows NT 哈希，LM 哈希的加密性相对较弱，易于受攻击。由于 LM 哈希存储在本地计算机上的安全数据库中，因此，一旦安全数据库受到攻击，密码便会泄漏。在 Windows Vista 及更高版本操作系统上的默认设置: 启用。在Windows XP 上的默认设置: 已禁用。Windows 2000 Service Pack 2 (SP2)或更高版本提供与 Windows 以前的版本(如 Microsoft Windows NT 4.0)兼容的身份验证。此设置会影响运行 Windows 2000 Server、Windows 2000 Professional、Windows XP 以及 Windows Server 2003 家族的计算机与运行 Windows 95 和 Windows 98 的计算机进行通信的能力。
2.3.11.7,网络安全: LAN 管理器身份验证级别,Registry Values,MACHINE/System/CurrentControlSet/Control/Lsa/LmCompatibilityLevel,"4,0:发送LM和NTLM响应(&);4,1:发送LM和NTLM-如果已协商，则使用NTLMv2会话安全(&);4,2:仅发送NTLM响应;4,3:仅发送NTLMv2响应;4,4:仅发送NTLMv2响应。拒绝LM;4,5:仅发送NTLMv2响应。拒绝LM和NTLM(&)",仅发送NTLMv2响应。拒绝LM和NTLM(&),,,计算机配置/Windows 设置/安全设置/本地策略/安全选项,此安全设置确定网络登录使用的质询/响应身份验证协议。此选项会影响客户端使用的身份验证协议的等级、协商的会话安全的等级以及服务器接受的身份验证的等级，其设置值如下:发送 LM  NTLM 响应: 客户端使用 LM 和 NTLM 身份验证，而决不会使用 NTLMv2 会话安全；域控制器接受 LM、NTLM 和 NTLMv2 身份验证。发送 LM & NTLM - 如果协商一致，则使用 NTLMv2 会话安全: 客户端使用 LM 和 NTLM 身份验证，并且在服务器支持时使用 NTLMv2 会话安全；域控制器接受 LM、NTLM 和 NTLMv2 身份验证。仅发送 NTLM 响应: 客户端仅使用 NTLM 身份验证，并且在服务器支持时使用 NTLMv2 会话安全；域控制器接受 LM、NTLM 和 NTLMv2 身份验证。仅发送 NTLMv2 响应: 客户端仅使用 NTLMv2 身份验证，并且在服务器支持时使用 NTLMv2 会话安全；域控制器接受 LM、NTLM 和 NTLMv2 身份验证。仅发送 NTLMv2 响应/拒绝 LM: 客户端仅使用 NTLMv2 身份验证，并且在服务器支持时使用 NTLMv2 会话安全；域控制器拒绝 LM (仅接受 NTLM 和 NTLMv2 身份验证)。仅发送 NTLMv2 响应/拒绝 LM & NTLM: 客户端仅使用 NTLMv2 身份验证，并且在服务器支持时使用 NTLMv2 会话安全；域控制器拒绝 LM 和 NTLM (仅接受 NTLMv2 身份验证)。此设置会影响运行 Windows 2000 Server、Windows 2000 Professional、Windows XP Professional 以及 Windows Server 2003 家族的计算机与运行 Windows NT 4.0 或更早版本的计算机通过网络进行通信的能力。例如，截至本次编写，运行 Windows NT 4.0 SP4 或更早版本的计算机尚不支持 NTLMv2。运行 Windows 95 和 Windows 98 的计算机尚不支持 NTLM。默认值:Windows 2000 以及 Windows XP: 发送 LM & NTLM 响应、Windows Server 2003: 仅发送 NTLM 响应、Windows Vista、Windows Server 2008、Windows 7 以及 Windows Server 2008 R2: 仅发送 NTLMv2 响应
2.3.11.8,网络安全: LDAP 客户端签名要求,Registry Values,MACHINE/System/CurrentControlSet/Services/LDAP/LDAPClientIntegrity,"4,0:无;4,1:协商签名;4,2:需要签名",协商签名,,,计算机配置/Windows 设置/安全设置/本地策略/安全选项,此安全设置确定代表发出 LDAP BIND 请求的客户端请求的数据签名等级，其设置值如下:无: 使用调用方指定的选项发出 LDAP BIND 请求。协商签名: 如果传输层安全性/安全套接字层(TLS/SSL)尚未启动，除了使用调用方指定的选项外，还使用设置的 LDAP 数据签名选项启动 LDAP BIND 请求。如果 TLS/SSL 已经启动，则使用调用方指定的选项启动 LDAP BIND 请求。需要签名: 这与“协商签名”相同。但是，如果 LDAP 服务器的中间 saslBindInProgress 响应未指明需要 LDAP 通讯签名，则会告知调用方 LDAP BIND 命令请求失败。如果将服务器设置为“需要签名”，则必须同时设置客户端。未设置客户端会导致失去与服务器的连接。注意: 此设置对 ldap_simple_bind 或 ldap_simple_bind_s 没有任何影响。没有一个随 Windows XP Professional 提供的 Microsoft LDAP 客户端使用 ldap_simple_bind 或 ldap_simple_bind_s 与域控制器通讯。默认设置: 协商签名。
2.3.11.9,网络安全: 基于 NTLM SSP 的(包括安全 RPC)客户端的最小会话安全,Registry Values,MACHINE/System/CurrentControlSet/Control/Lsa/MSV1_0/NTLMMinClientSec,"4,0:没有最小;4,536870912:要求 128 位加密;4,524288:要求 NTLMv2 会话安全;4,537395200:要求NTLMv2会话安全, 要求128位加密","要求NTLMv2会话安全, 要求128位加密",,,计算机配置/Windows 设置/安全设置/本地策略/安全选项,此安全设置允许客户端要求协商 128 位加密和/或 NTLMv2 会话安全。这些值取决于 LAN 管理器身份验证级别安全设置值。这些选项包括:要求 NTLMv2 会话安全: 如果未协商 NTLWv2 协议，则连接将失败。要求 128 位加密: 如果未协商强加密(128 位)，则连接将失败。默认设置:Windows XP、Windows Vista、Windows 2000 Server、Windows Server 2003 以及 Windows Server 2008: 无要求。Windows 7 以及 Windows Server 2008 R2: 要求 128 位加密
2.3.11.10,网络安全: 基于 NTLM SSP 的(包括安全 RPC)服务器的最小会话安全,Registry Values,MACHINE/System/CurrentControlSet/Control/Lsa/MSV1_0/NTLMMinServerSec,"4,536870912:要求128位加密;4,537395200:要求NTLMv2会话安全, 要求128位加密;4,524288:要求NTLMv2会话安全","要求NTLMv2会话安全, 要求128位加密",,,计算机配置/Windows 设置/安全设置/本地策略/安全选项,此策略设置确定服务器允许使用NTLM安全支持提供程序（SSP）的应用程序执行哪些行为。 需要身份验证服务的应用程序使用SSP接口（SSPI）。 该设置不会修改身份验证序列的工作方式，而是要求使用SSPI的应用程序中的某些行为。
2.3.13.1,关机: 允许系统在未登录的情况下关闭,Registry Values,MACHINE/Software/Microsoft/Windows/CurrentVersion/Policies/System/ShutdownWithoutLogon,"4,1:启用;4,0:禁用",禁用,,,计算机配置/Windows 设置/安全设置/本地策略/安全选项,此策略设置确定用户未登录时是否可以关闭计算机。如果启用了此策略设置，则在Windows登录屏幕上可以使用关机命令。建议禁用此策略设置，以限制只有具有系统上凭据的用户才能关闭计算机。
2.3.15.1,系统对象: 非 Windows 子系统不要求区分大小写,Registry Values,MACHINE/System/CurrentControlSet/Control/Session Manager/Kernel/ObCaseInsensitive,"4,1:启用;4,0:禁用",启用,,,计算机配置/Windows 设置/安全设置/本地策略/安全选项,此策略设置决定是否对所有子系统强制不区分大小写。Microsoft Win32子系统不区分大小写。但是，内核支持对其他子系统区分大小写，比如UNIX的可移植操作系统接口(POSIX)。如果不能强制执行此策略设置，则POSIX子系统的用户可以通过使用混合大小写来标记它，从而创建与另一个文件同名的文件。这种情况会阻止其他使用典型Win32工具的用户访问这些文件，因为只有一个文件可用。
2.3.15.2,系统对象: 增强内部系统对象的默认权限(例如，符号链接),Registry Values,MACHINE/System/CurrentControlSet/Control/Session Manager/ProtectionMode,"4,1:启用;4,0:禁用",启用,,,计算机配置/Windows 设置/安全设置/本地策略/安全选项,此策略设置确定对象的默认自由裁量访问控制列表(DACL)的强度。Active Directory维护共享系统资源的全局列表，例如DOS设备名称、互斥和信号量。通过这种方式，可以在进程之间定位和共享对象。每种类型的对象都是使用默认的DACL创建的，该DACL指定谁可以访问这些对象以及授予了哪些权限。
2.3.16.1,系统设置: 可选子系统,Registry Values,MACHINE/System/CurrentControlSet/Control/Session Manager/SubSystems/optional,"7,Posix",Posix,,,计算机配置/Windows 设置/安全设置/本地策略/安全选项,这个安全设置决定了可以选择启动哪些子系统来支持应用程序。有了这个安全设置，您就可以根据环境的需要指定支持应用程序的子系统。
2.3.17.1,用户帐户控制: 对内置管理员帐户使用管理审批模式,Registry Values,MACHINE/Software/Microsoft/Windows/CurrentVersion/Policies/System/FilterAdministratorToken,"4,1:启用;4,0:禁用",禁用,,,计算机配置/Windows 设置/安全设置/本地策略/安全选项,此策略设置控制内置管理员帐户的管理审批模式的行为。
2.3.17.2,用户帐户控制: 允许 UIAccess 应用程序在不使用安全桌面的情况下提示提升。,Registry Values,MACHINE/Software/Microsoft/Windows/CurrentVersion/Policies/System/EnableUIADesktopToggle,"4,1:启用;4,0:禁用",禁用,,,计算机配置/Windows 设置/安全设置/本地策略/安全选项,此策略设置控制用户界面可访问性(UIAccess或UIA)程序是否可以自动禁用标准用户使用的安全桌面用于提升提示符。
2.3.17.3,用户帐户控制: 在管理审批模式下管理员的提升提示行为,Registry Values,MACHINE/Software/Microsoft/Windows/CurrentVersion/Policies/System/ConsentPromptBehaviorAdmin,"4,0:不提示，直接提升;4,1:在安全桌面上提示凭据;4,2:在安全桌面上同意提示;4,3:提示凭据;4,4:同意提示;4,5:非Windows二进制文件的同意提示",在安全桌面上同意提示,,,计算机配置/Windows 设置/安全设置/本地策略/安全选项,本项目的设置主要是为了在用户访问控制中防止恶意程序的提权行为不被发现。当某个用户的应用程序需要提权时，用户会收到一个二元选择以决定是否给予其该用户的最高权限。
2.3.17.4,用户帐户控制: 标准用户的提升提示行为,Registry Values,MACHINE/SOFTWARE/Microsoft/Windows/CurrentVersion/Policies/System: ConsentPromptBehaviorUser,"4,0:提示凭据;4,1:在安全桌面上提示凭据;4,2:自动拒绝提升请求",自动拒绝提升请求,,,计算机配置/Windows 设置/安全设置/本地策略/安全选项,本项目的设置是在Windows Vista版本加入的，当提权请求发出时会征询用户的意见，这样能够提升用户对于程序提权请求的了解。本项设置会导致普通用户在执行需要提权执行的程序时得到提示“此程序不会运行，因为它已被组策略阻塞”。
2.3.17.5,用户帐户控制: 检测应用程序安装和提示提升,Registry Values,MACHINE/SOFTWARE/Microsoft/Windows/CurrentVersion/Policies/System: EnableInstallerDetection,"4,1:启用;4,0:禁用",启用,,,计算机配置/Windows 设置/安全设置/本地策略/安全选项,本项目的设置主要为了防止这样一种情况：恶意软件随同一个被信任的程序执行而被下载，而用户则会倾向于给予这个被信任的程序以高权限，这会导致一定的风险。当本项设置被启用时，应用程序在安装包数据的时候会弹出提示，让用户输入用户名和口令。
2.3.17.6,用户帐户控制:仅提升安装在安全位置的UIAccess应用程序,Registry Values,MACHINE/SOFTWARE/Microsoft/Windows/CurrentVersion/Policies/System: EnableSecureUIAPaths,"4,1:启用;4,0:禁用",启用,,,计算机配置/Windows 设置/安全设置/本地策略/安全选项,此策略设置控制请求以用户界面可访问性(UIAccess)完整性级别运行的应用程序是否必须驻留在文件系统中的安全位置。当应用程序的权限从标准用户提升为管理员时，UIAccess完整性允许应用程序绕过用户界面权限隔离(UIPI)限制。
2.3.17.7,用户帐户控制:在管理员批准模式下运行所有管理员,Registry Values,MACHINE/SOFTWARE/Microsoft/Windows/CurrentVersion/Policies/System: EnableLUA,"4,1:启用;4,0:禁用",启用,,,计算机配置/Windows 设置/安全设置/本地策略/安全选项,此策略设置控制计算机的所有用户帐户控制(UAC)策略设置的行为。如果更改此策略设置，则必须重新启动计算机。如果禁用此策略设置UAC将不会被使用，并且任何依赖于UAC的安全好处和风险缓解将不会出现在系统上，安全中心将通知您操作系统的总体安全性已降低。
2.3.17.8,用户帐户控制:提示提升时切换到安全桌面,Registry Values,MACHINE/SOFTWARE/Microsoft/Windows/CurrentVersion/Policies/System: PromptOnSecureDesktop,"4,1:启用;4,0:禁用",启用,,,计算机配置/Windows 设置/安全设置/本地策略/安全选项,此策略设置控制提升请求提示符是显示在交互式用户的桌面上还是安全桌面上，标准的elevation提示对话框可以被欺骗，这可能导致用户向恶意软件泄露他们的密码。此设置增加了习惯安全桌面的用户识别欺骗的提升提示对话框而不上当的可能性。
2.3.17.9,用户帐户控制:将文件和注册表写入错误虚拟化到每用户位置,Registry Values,MACHINE/SOFTWARE/Microsoft/Windows/CurrentVersion/Policies/System: EnableVirtualization,"4,1:启用;4,0:禁用",启用,,,计算机配置/Windows 设置/安全设置/本地策略/安全选项,此策略设置控制是否将应用程序写入失败重定向到定义的注册表和文件系统位置。此设置确保遗留应用程序只将数据写入允许的位置，从而减少了漏洞。
